{"cameraMode":{"drawMode":0,"name":"Shaded","section":"Shading Mode"},"sceneLighting":false,"audioPlay":false,"sceneViewState":{"showFog":true,"showMaterialUpdate":false,"showSkybox":false,"showFlares":true,"showImageEffects":true,"showParticleSystems":true},"in2DMode":false,"pivot":{"x":-12.904813766479493,"y":8.400483131408692,"z":18.637094497680665},"rotation":{"x":0.07551259547472,"y":0.7025064826011658,"z":-0.07526285201311112,"w":0.7037619948387146},"size":1.165068507194519,"orthographic":false}