{"cameraMode":{"drawMode":0,"name":"Shaded","section":"Shading Mode"},"sceneLighting":false,"audioPlay":false,"sceneViewState":{"showFog":true,"showMaterialUpdate":false,"showSkybox":false,"showFlares":true,"showImageEffects":true,"showParticleSystems":true},"in2DMode":false,"pivot":{"x":-55.50672912597656,"y":-0.149999737739563,"z":-5.334675312042236},"rotation":{"x":0.08784414082765579,"y":0.8539304137229919,"z":-0.15297430753707887,"w":0.4898201525211334},"size":0.23864559829235078,"orthographic":false}