{"cameraMode":{"drawMode":0,"name":"Shaded","section":"Shading Mode"},"sceneLighting":false,"audioPlay":false,"sceneViewState":{"showFog":true,"showMaterialUpdate":false,"showSkybox":false,"showFlares":true,"showImageEffects":true,"showParticleSystems":true},"in2DMode":false,"pivot":{"x":-0.0012837648391723633,"y":0.013650568202137947,"z":0.0},"rotation":{"x":-0.13451817631721497,"y":0.8622307777404785,"z":-0.30292266607284548,"w":-0.3832264542579651},"size":0.09084247052669525,"orthographic":false}