{"cameraMode":{"drawMode":0,"name":"Shaded","section":"Shading Mode"},"sceneLighting":false,"audioPlay":false,"sceneViewState":{"showFog":true,"showMaterialUpdate":false,"showSkybox":false,"showFlares":true,"showImageEffects":true,"showParticleSystems":true},"in2DMode":false,"pivot":{"x":-4.159131050109863,"y":0.9990345239639282,"z":4.927932262420654},"rotation":{"x":-0.43318089842796328,"y":0.4271179139614105,"z":-0.22983388602733613,"w":-0.7611860632896423},"size":1.4757895469665528,"orthographic":false}