{"cameraMode":{"drawMode":0,"name":"Shaded","section":"Shading Mode"},"sceneLighting":true,"audioPlay":false,"sceneViewState":{"showFog":true,"showMaterialUpdate":false,"showSkybox":false,"showFlares":true,"showImageEffects":true,"showParticleSystems":true},"in2DMode":false,"pivot":{"x":0.0,"y":0.13999998569488526,"z":0.8450000286102295},"rotation":{"x":0.10728826373815537,"y":-0.6751406192779541,"z":0.10017253458499909,"w":0.7229862213134766},"size":1.0175437927246094,"orthographic":false}