{"cameraMode":{"drawMode":0,"name":"Shaded","section":"Shading Mode"},"sceneLighting":true,"audioPlay":false,"sceneViewState":{"showFog":true,"showMaterialUpdate":false,"showSkybox":false,"showFlares":true,"showImageEffects":true,"showParticleSystems":true},"in2DMode":false,"pivot":{"x":1.1326864957809449,"y":1.3415738344192505,"z":1.4031479358673096},"rotation":{"x":0.10728826373815537,"y":-0.6751406192779541,"z":0.10017253458499909,"w":0.7229862213134766},"size":0.7043208479881287,"orthographic":false}