{"cameraMode":{"drawMode":0,"name":"Shaded","section":"Shading Mode"},"sceneLighting":true,"audioPlay":false,"sceneViewState":{"showFog":true,"showMaterialUpdate":false,"showSkybox":false,"showFlares":true,"showImageEffects":true,"showParticleSystems":true},"in2DMode":false,"pivot":{"x":2.881197929382324,"y":1.614999771118164,"z":6.399999618530273},"rotation":{"x":0.14433468878269196,"y":-0.4592772424221039,"z":0.07592160254716873,"w":0.8732386827468872},"size":12.12435531616211,"orthographic":false}