{"cameraMode":{"drawMode":0,"name":"Shaded","section":"Shading Mode"},"sceneLighting":true,"audioPlay":false,"sceneViewState":{"showFog":true,"showMaterialUpdate":false,"showSkybox":false,"showFlares":true,"showImageEffects":true,"showParticleSystems":true},"in2DMode":false,"pivot":{"x":-0.5532369613647461,"y":0.29919102787971499,"z":-2.2343649864196779},"rotation":{"x":-0.012782019563019276,"y":-0.9873046875,"z":0.11184725910425186,"w":-0.112432099878788},"size":0.000017344029402011074,"orthographic":false}