{"cameraMode":{"drawMode":0,"name":"Shaded","section":"Shading Mode"},"sceneLighting":false,"audioPlay":false,"sceneViewState":{"showFog":true,"showMaterialUpdate":false,"showSkybox":false,"showFlares":true,"showImageEffects":true,"showParticleSystems":true},"in2DMode":false,"pivot":{"x":0.0,"y":-4.905000686645508,"z":3.2727999687194826},"rotation":{"x":0.24948664009571076,"y":0.035153839737176898,"z":-0.009063318371772766,"w":0.9677388072013855},"size":8.672552108764649,"orthographic":false}