{"cameraMode":{"drawMode":0,"name":"Shaded","section":"Shading Mode"},"sceneLighting":true,"audioPlay":false,"sceneViewState":{"showFog":true,"showMaterialUpdate":false,"showSkybox":false,"showFlares":true,"showImageEffects":true,"showParticleSystems":true},"in2DMode":false,"pivot":{"x":-9.258806228637696,"y":1.614999771118164,"z":36.400001525878909},"rotation":{"x":-0.06461608409881592,"y":-0.9293531775474548,"z":0.30623167753219607,"w":-0.19603337347507478},"size":6.063500881195068,"orthographic":false}