{"cameraMode":{"drawMode":0,"name":"Shaded","section":"Shading Mode"},"sceneLighting":false,"audioPlay":false,"sceneViewState":{"showFog":true,"showMaterialUpdate":false,"showSkybox":false,"showFlares":true,"showImageEffects":true,"showParticleSystems":true},"in2DMode":false,"pivot":{"x":0.471748411655426,"y":0.09032464027404785,"z":0.11018556356430054},"rotation":{"x":0.22195450961589814,"y":0.0003023693570867181,"z":-0.00006799215771025047,"w":0.9750964045524597},"size":0.3073950409889221,"orthographic":false}