{"cameraMode":{"drawMode":0,"name":"Shaded","section":"Shading Mode"},"sceneLighting":false,"audioPlay":false,"sceneViewState":{"showFog":true,"showMaterialUpdate":false,"showSkybox":false,"showFlares":true,"showImageEffects":true,"showParticleSystems":true},"in2DMode":false,"pivot":{"x":0.46000003814697268,"y":0.0,"z":0.6000003814697266},"rotation":{"x":0.006580961402505636,"y":0.9898818731307983,"z":-0.1332535296678543,"w":0.04902569577097893},"size":24.24871063232422,"orthographic":false}