{"cameraMode":{"drawMode":0,"name":"Shaded","section":"Shading Mode"},"sceneLighting":false,"audioPlay":false,"sceneViewState":{"showFog":true,"showMaterialUpdate":false,"showSkybox":false,"showFlares":true,"showImageEffects":true,"showParticleSystems":true},"in2DMode":false,"pivot":{"x":0.9803720712661743,"y":-3.8042988777160646,"z":-20.15670394897461},"rotation":{"x":0.006580961402505636,"y":0.9898818731307983,"z":-0.1332535296678543,"w":0.04902569577097893},"size":12.12435531616211,"orthographic":false}