{"cameraMode":{"drawMode":0,"name":"Shaded","section":"Shading Mode"},"sceneLighting":true,"audioPlay":false,"sceneViewState":{"showFog":true,"showMaterialUpdate":false,"showSkybox":false,"showFlares":true,"showImageEffects":true,"showParticleSystems":true},"in2DMode":false,"pivot":{"x":-2.384185791015625e-7,"y":0.1399996280670166,"z":0.9904999732971191},"rotation":{"x":0.10728826373815537,"y":-0.6751406192779541,"z":0.10017253458499909,"w":0.7229862213134766},"size":2.5642290115356447,"orthographic":false}